PROJECT	DATASET	VARIANTSET	TABLE	SOURCE_VCFS	ORIGINAL_SOURCE_VCFS
YOUR_PROJECT_ID	YOUR_VARIANTSET_NAME	dbSNP_hg38_20170710	YOUR_PROJECT_ID.YOUR_BIGQUERY_DATASET_NAME.dbSNP_hg38_20170710	gs://YOUR_BUCKET/mirror/ftp.ncbi.nih.gov/snp/organisms/human_9606_b150_GRCh38p7/VCF/All_20170710.vcf	http://ftp.ncbi.nih.gov/snp/organisms/human_9606_b150_GRCh38p7/VCF/All_20170710.vcf.gz
YOUR_PROJECT_ID	YOUR_VARIANTSET_NAME	dbSNP_hg19_20170710	YOUR_PROJECT_ID.YOUR_BIGQUERY_DATASET_NAME.dbSNP_hg19_20170710	gs://YOUR_BUCKET/mirror/ftp.ncbi.nih.gov/snp/organisms/human_9606_b150_GRCh37p13/VCF/All_20170710.vcf	http://ftp.ncbi.nih.gov/snp/organisms/human_9606_b150_GRCh37p13/VCF/All_20170710.vcf.gz
YOUR_PROJECT_ID	YOUR_VARIANTSET_NAME	clinvar_hg38_20170705	YOUR_PROJECT_ID.YOUR_BIGQUERY_DATASET_NAME.clinvar_hg38_20170705	gs://YOUR_BUCKET/mirror/ftp.ncbi.nih.gov/pub/clinvar/vcf_GRCh38/archive/2017/clinvar_20170705.vcf.gz	http://ftp.ncbi.nih.gov/pub/clinvar/vcf_GRCh38/archive/2017/clinvar_20170705.vcf.gz
YOUR_PROJECT_ID	YOUR_VARIANTSET_NAME	clinvar_hg19_20170705	YOUR_PROJECT_ID.YOUR_BIGQUERY_DATASET_NAME.clinvar_hg19_20170705	gs://YOUR_BUCKET/mirror/ftp.ncbi.nih.gov/pub/clinvar/vcf_GRCh37/archive/2017/clinvar_20170705.vcf.gz	http://ftp.ncbi.nih.gov/pub/clinvar/vcf_GRCh37/archive/2017/clinvar_20170705.vcf.gz
YOUR_PROJECT_ID	YOUR_VARIANTSET_NAME	1000genomes_phase3_hg38_release89	YOUR_PROJECT_ID.YOUR_BIGQUERY_DATASET_NAME.1000genomes_phase3_hg38_release89	gs://YOUR_BUCKET/mirror/ftp.ensembl.org/pub/release-87/variation/vcf/homo_sapiens/1000GENOMES-phase_3.vcf.gz	http://ftp.ensembl.org/pub/release-89/variation/vcf/homo_sapiens/1000GENOMES-phase_3.vcf.gz
YOUR_PROJECT_ID	YOUR_VARIANTSET_NAME	1000genomes_phase3_hg19_release89	YOUR_PROJECT_ID.YOUR_BIGQUERY_DATASET_NAME.1000genomes_phase3_hg19_release89	gs://YOUR_BUCKET/mirror/ftp.ensembl.org/pub/grch37/release-89/variation/vcf/homo_sapiens/1000GENOMES-phase_3.vcf.gz	http://ftp.ensembl.org/pub/grch37/release-89/variation/vcf/homo_sapiens/1000GENOMES-phase_3.vcf.gz
YOUR_PROJECT_ID	YOUR_VARIANTSET_NAME	ESP6500_AA_hg38_release89	YOUR_PROJECT_ID.YOUR_BIGQUERY_DATASET_NAME.ESP6500_AA_hg38_release89	gs://YOUR_BUCKET/mirror/ftp.ensembl.org/pub/release-89/variation/vcf/homo_sapiens/ESP6500-African_American.vcf.gz	http://ftp.ensembl.org/pub/release-89/variation/vcf/homo_sapiens/ESP6500-African_American.vcf.gz
YOUR_PROJECT_ID	YOUR_VARIANTSET_NAME	ESP6500_AA_hg19_release89	YOUR_PROJECT_ID.YOUR_BIGQUERY_DATASET_NAME.ESP6500_AA_hg19_release89	gs://YOUR_BUCKET/mirror/ftp.ensembl.org/pub/grch37/release-89/variation/vcf/homo_sapiens/ESP6500-African_American.vcf.gz	http://ftp.ensembl.org/pub/grch37/release-89/variation/vcf/homo_sapiens/ESP6500-African_American.vcf.gz
YOUR_PROJECT_ID	YOUR_VARIANTSET_NAME	ESP6500_EA_hg38_release89	YOUR_PROJECT_ID.YOUR_BIGQUERY_DATASET_NAME.ESP6500_EA_hg38_release89	gs://YOUR_BUCKET/mirror/ftp.ensembl.org/pub/release-89/variation/vcf/homo_sapiens/ESP6500-European_American.vcf.gz	http://ftp.ensembl.org/pub/release-89/variation/vcf/homo_sapiens/ESP6500-European_American.vcf.gz
YOUR_PROJECT_ID	YOUR_VARIANTSET_NAME	ESP6500_EA_hg19_release89	YOUR_PROJECT_ID.YOUR_BIGQUERY_DATASET_NAME.ESP6500_EA_hg19_release89	gs://YOUR_BUCKET/mirror/ftp.ensembl.org/pub/grch37/release-89/variation/vcf/homo_sapiens/ESP6500-European_American.vcf.gz	http://ftp.ensembl.org/pub/grch37/release-89/variation/vcf/homo_sapiens/ESP6500-European_American.vcf.gz
YOUR_PROJECT_ID	YOUR_VARIANTSET_NAME	ExAC_hg19_release1	YOUR_PROJECT_ID.YOUR_BIGQUERY_DATASET_NAME.ExAC_hg19_release1	gs://gnomad-public/legacy/exacv1_downloads/release1/ExAC.r1.sites.vep.vcf.gz	gs://gnomad-public/legacy/exacv1_downloads/release1/ExAC.r1.sites.vep.vcf.gz
YOUR_PROJECT_ID	YOUR_VARIANTSET_NAME	gnomAD_genomes_hg19_release170228	YOUR_PROJECT_ID.YOUR_BIGQUERY_DATASET_NAME.gnomAD_genomes_hg19_release170228	gs://gnomad-public/release-170228/vcf/genomes/*.sites.?.vcf.gz gs://gnomad-public/release-170228/vcf/genomes/*.sites.??.vcf.gz	gs://gnomad-public/release-170228/vcf/genomes/*.sites.?.vcf.gz gs://gnomad-public/release-170228/vcf/genomes/*.sites.??.vcf.gz
YOUR_PROJECT_ID	YOUR_VARIANTSET_NAME	gnomAD_exomes_hg19_release170228	YOUR_PROJECT_ID.YOUR_BIGQUERY_DATASET_NAME.gnomAD_exomes_hg19_release170228	gs://gnomad-public/release-170228/vcf/exomes/gnomad.exomes.r2.0.1.sites.vcf.gz	gs://gnomad-public/release-170228/vcf/exomes/gnomad.exomes.r2.0.1.sites.vcf.gz
